Agent ID,Agent Name,Department
tel10000,Lisa Adams,Acrobat
tel10001,Raven Ruiz,Acrobat
tel10002,Joshua Green,Acrobat
tel10003,Brandon Travis,Acrobat
tel10004,Laurie Avila,Acrobat
tel10005,Michael Williams,Acrobat
tel10006,William Miller,Acrobat
tel10007,Jesse Diaz,Acrobat
tel10008,Alexander Donovan,Acrobat
tel10009,Kathleen Estrada,Acrobat
tel10010,Derrick Anderson,Acrobat
tel10011,Candace Thomas,Acrobat
tel10012,Michael Dorsey,Acrobat
tel10013,Zachary Sweeney,Acrobat
tel10014,Robert Oconnor,Acrobat
tel10015,Kayla Reid,Acrobat
tel10016,Brian Henry,Acrobat
tel10017,Lee Vaughn,Acrobat
tel10018,James Clayton,Acrobat
tel10019,Amber Douglas,Acrobat
tel10020,Jessica Bennett,Photoshop
tel10021,Lisa Wood,Photoshop
tel10022,Jonathan Gregory,Photoshop
tel10023,Cory Roberts,Photoshop
tel10024,Donna Banks,Photoshop
tel10025,Ryan Kelly,Photoshop
tel10026,Sean Rios,Photoshop
tel10027,Jacob Davis,Photoshop
tel10028,Ashley Smith,Photoshop
tel10029,Daniel Frazier,Photoshop
tel10030,John Day,Photoshop
tel10031,Steven Long,Photoshop
tel10032,Anthony Bates,Photoshop
tel10033,Amy May,Photoshop
tel10034,Jasmine Peck,Photoshop
tel10035,Stacey Moore,Photoshop
tel10036,Steven Taylor,Photoshop
tel10037,James Mueller,Photoshop
tel10038,Peter Carter,Photoshop
tel10039,Crystal Davis,Photoshop
tel10040,Andrew Hayes,Illustrator
tel10041,Kenneth Goodwin,Illustrator
tel10042,Craig Ortega,Illustrator
tel10043,Christine Murphy,Illustrator
tel10044,Christopher Beard,Illustrator
tel10045,Richard Boyer,Illustrator
tel10046,Alex Henry,Illustrator
tel10047,Timothy Bishop,Illustrator
tel10048,Michael Baker,Illustrator
tel10049,Vanessa Hansen,Illustrator
tel10050,Jessica Armstrong,Illustrator
tel10051,Darrell Smith,Illustrator
tel10052,Julie Murray,Illustrator
tel10053,Alex Park,Illustrator
tel10054,Nathan Williams,Illustrator
tel10055,Joseph Brown,Illustrator
tel10056,Maxwell Munoz,Illustrator
tel10057,Joseph Washington,Illustrator
tel10058,Brian Johnson,Illustrator
tel10059,Louis Turner,Illustrator
tel10060,David Gray,Premiere Pro
tel10061,Gail Jackson,Premiere Pro
tel10062,Kim Shields,Premiere Pro
tel10063,Justin Durham,Premiere Pro
tel10064,Kenneth Miller,Premiere Pro
tel10065,Gabriel Allen,Premiere Pro
tel10066,Brian Burton,Premiere Pro
tel10067,Michael Hansen,Premiere Pro
tel10068,Madeline Hill,Premiere Pro
tel10069,Juan Matthews,Premiere Pro
tel10070,Jeanette Jackson,Premiere Pro
tel10071,Crystal Johnson,Premiere Pro
tel10072,Daniel Peters,Premiere Pro
tel10073,Benjamin Davis,Premiere Pro
tel10074,Jesse Jordan,Premiere Pro
tel10075,Michael Rowland,Premiere Pro
tel10076,Juan Thompson,Premiere Pro
tel10077,Jeffrey Key,Premiere Pro
tel10078,Ryan Pineda,Premiere Pro
tel10079,Jessica Murphy,Premiere Pro
tel10080,Arthur Hall,InDesign
tel10081,Justin Gonzalez,InDesign
tel10082,Eric Rangel,InDesign
tel10083,Kristin Gonzalez,InDesign
tel10084,Joseph Williams,InDesign
tel10085,Robert Cobb,InDesign
tel10086,Amber Myers,InDesign
tel10087,Brandon Olson,InDesign
tel10088,Kathleen Thompson,InDesign
tel10089,Elijah Costa,InDesign
tel10090,Jody Perez,InDesign
tel10091,Timothy Burns,InDesign
tel10092,Connie Cruz,InDesign
tel10093,Joseph Stone,InDesign
tel10094,Derek Nguyen,InDesign
tel10095,Justin Jones,InDesign
tel10096,Ethan Smith,InDesign
tel10097,Brandi Smith,InDesign
tel10098,Peter Freeman,InDesign
tel10099,John Henry,InDesign
